{
    "__CREATED-ON__": "2022-11-03 10:04:52.595466",
    "__DEF-TEXT__": "This file contains information about a PyBpod protocol.",
    "__DEF-URL__": "http://pybpod.readthedocs.org",
    "__SOFTWARE__": "PyBpod GUI API v1.8.3b1",
    "__UPDATED-ON__": "2022-11-03 10:04:52.595466",
    "__UUID4__": "51fcbe46-3c15-4164-aa06-f6edad204b72",
    "commands": [
        {
            "cmd": "python C:\\iblrig\\scripts\\bpod_lights.py 0",
            "type": "create_execcmd",
            "when": 0
        },
        {
            "cmd": "python C:\\iblrig\\scripts\\bonsai_stop.py 7110",
            "type": "create_execcmd",
            "when": 1
        },
        {
            "cmd": "python C:\\iblrig\\scripts\\bonsai_stop.py 7111",
            "type": "create_execcmd",
            "when": 1
        },
        {
            "cmd": "python C:\\iblrig\\scripts\\cleanup.py",
            "type": "create_execcmd",
            "when": 1
        },
        {
            "cmd": "python C:\\iblrig\\scripts\\bpod_lights.py 1",
            "type": "create_execcmd",
            "when": 1
        },
        {
            "cmd": "python C:\\iblrig\\scripts\\create_session.py --poop=True",
            "type": "create_execcmd",
            "when": 1
        },
        {
            "cmd": "python C:\\iblrig\\scripts\\bonsai_stop.py 7112",
            "type": "create_execcmd",
            "when": 1
        }
    ],
    "name": "_iblrig_NPH_tasks_trainingChoiceWorld_May2022",
    "trigger-softcodes": false
}